Mixture,Count
CCCC[N+](C)(C)C.O=S(=O)([N-]S(=O)(=O)C(F)(F)F)C(F)(F)F | CN(C)C=O,118
ClCCCCl | CCCOC(C)=O,28
COC=O | CCCCCCCC,74
CCCC(=O)OCC | BrCCCBr,29
CCn1cc[n+](C)c1.N#CC(=C=[N-])C#N | O,59
CCO | CC1(C)C(=O)[C@]2(C)CC[C@H]1C2,88
OCCOCCOCCO | OCc1ccccc1,29
CCOC=O | ClCCCl,47
COc1ccccc1 | OCCc1ccccc1,29
CCCCn1cc[n+](C)c1.COS(=O)(=O)[O-] | C[N+](=O)[O-],123
CCCOC=O | CCCCCC,85
CCOC=O | CCCCCCCCC,111
CCCCCCCCCC(=O)OC | CCCCCCCCCCCCCCCC,38
CCn1cc[n+](C)c1.O=S(=O)([O-])C(F)(F)F | CCO,67
COC(=O)OC | CCCCCCC,80
C1CCOCC1 | O=C1CCCCCC1,72
CCCCC(=O)OCC | BrCCBr,29
COC=O | ClCCCCl,32
CCCC[n+]1cccc(C)c1.F[B-](F)(F)F | O,76
CCC(=O)OC | CCCCCCC,34
CCn1cc[n+](C)c1.F[B-](F)(F)F | OC1=NCCC1,90
BrCCCCBr | CCCCOC(C)=O,28
OCCOCCO | OCc1ccccc1,29
BrCCCCCCBr | CCOC(=O)CC,30
CS(C)=O | OCCCc1ccccc1,29
COC=O | ClCCCCCCCl,30
CC(C)OC(C)C | CC(C)CC(C)(C)C,30
C1CCOC1 | OCC(F)(F)F,62
CCCC(=O)OCC | BrCCCCCBr,30
COC(C)=O | CCCCCCC,34
CCCC[N+]1(C)CCCC1.N#C[N-]C#N | O,223
CCC(=O)OC | BrCCCBr,33
CCCCCCCCCC(=O)OC | CCCCCCCCCCCC,38
CCCCCCCCCC | CCCOC=O,97
COC=O | ClCCCCCl,29
Cc1ccccc1N | Cc1ccncc1,72
Cn1ccnc1 | CC(C)O,67
CCCCOC=O | CCCCCC,89
CCCOC(C)=O | CCCCCCCCCC,108
Cc1ccccc1N | Cc1cccnc1,71
C1CCOCC1 | CCCCCC(C)=O,35
CC(C)OC(C)C | CCO,30
CCCCOC=O | BrCCCCCCBr,25
CCCCCO | CC(C)CC(C)(C)C,64
C1CCOCC1 | O=C1CCCC1,43
C1COCCO1 | CCCC(C)=O,34
BrCCCBr | CCCCOC(C)=O,27
CCCCC | CCCCOC=O,59
C1CCOCC1 | CCCCCCCCCCO,18
COC(C)=O | BrCCCBr,33
CCCCn1cc[n+](C)c1.F[B-](F)(F)F | CCn1cc[n+](C)c1.F[B-](F)(F)F,90
CCCCOC=O | BrCCBr,28
ClCCCCCCCl | CCCOC=O,26
CN1CCCCC1 | CO,24
CCC(=O)OC | BrCCCCBr,33
CCCCCOC=O | ClCCCCCCl,28
CCCC[N+]1(C)CCCCC1.N#C[N-]C#N | O,116
ClCCCl | CCCOC=O,27
O | CCOS(=O)(=O)[O-].CCn1cc[n+](C)c1,94
CCCOC=O | CCCCCCCC,108
C1CCOCC1 | Cc1cccnc1,72
COC(C)=O | CCCC(=O)OC,35
CCC(=O)OC | BrCCCCCBr,31
CCCCC(=O)OCC | ClCCCCl,31
COC(C)=O | BrCCCCBr,30
BrCCCCCCBr | CCOC=O,27
Cc1ccccc1N | Cc1ccccn1,72
CCOS(=O)(=O)[O-].CCn1cc[n+](C)c1 | CCO,94
COc1ccccc1 | OCCCc1ccccc1,29
CCn1cc[n+](C)c1.F[B-](F)(F)F | Cc1cccnc1,90
CCCOC(C)=O | CCCCCCC,96
CN1CCOCC1 | CO,22
CO | CCCCn1cc[n+](C)c1.O=S(=O)([N-]S(=O)(=O)C(F)(F)F)C(F)(F)F,22
CCCCCOC=O | ClCCCl,31
C1COCCO1 | O=C1CCCCC1,106
CCCOC=O | ClCCCCl,31
COC(C)=O | BrCCCCCBr,29
BrCCCCCCBr | CCCCOC(=O)CC,28
C1CCOCC1 | OCC(F)(F)F,60
CCCCCCCCCC | CCOC=O,95
COC(F)(F)C(F)(F)C(F)(F)C(F)(F)F | COCCOCCO,31
C1CCOCC1 | c1ccncc1,72
Cn1ccnc1 | CO,75
CCCCCCn1cc[n+](C)c1.F[B-](F)(F)F | CCn1cc[n+](C)c1.F[B-](F)(F)F,128
CCCCCCCCCC | CCCCOC=O,90
CCCCCCn1cc[n+](C)c1.F[B-](F)(F)F | CCO,69
CCCOC=O | ClCCCCCCCl,29
CCCCOC=O | CCCCCCCC,106
ClCCCCCCCl | CCCOC(=O)CC,25
CCOc1ccccc1 | OCCc1ccccc1,30
COC(C)=O | BrCCCCCCBr,29
CCn1cc[n+](C)c1.N#C[S-] | O,150
CCCCCCCCCCCC[N+](CC)(CC)CC.O=S(=O)([N-]S(=O)(=O)C(F)(F)F)C(F)(F)F | CO,129
ClCCCCCl | CCCOC(=O)CCC,23
ClCCCl | CCCOC(=O)CC,29
CCCCC(=O)OC | BrCCCBr,28
CCn1cc[n+](C)c1.F[B-](F)(F)F | c1ccncc1,90
COC=O | CCCCCCCCCC,48
CS(C)=O | OCc1ccccc1,29
CCOC=O | CCCCCCCC,107
CCn1cc[n+](C)c1.F[B-](F)(F)F | CS(C)=O,90
CCCCC | CCCOC=O,66
CCCCOC=O | ClCCCCl,60
C1COCO1 | CCCC(C)=O,35
CCOC(=O)C(C)C | CCCCO,44
O | CCCOC(C)=O,104
O | CC/C=C\CCO,67
CO | CCCCCCCCCCn1cc[n+](C)c1.O=S(=O)([N-]S(=O)(=O)C(F)(F)F)C(F)(F)F,30
CCOC(C)=O | CCCCC(=O)OCC,31
BrCCCBr | CCCCOC(=O)CCC,25
CCOC(=O)C(C)C | CCCO,44
CCCCn1cc[n+](C)c1C.F[B-](F)(F)F | CCn1cc[n+](C)c1.F[B-](F)(F)F,90
Cn1ccnc1 | CCO,66
ClCCCCCCl | CCCOC(=O)CCC,26
C1CCOCC1 | CCCCO,73
CCCCOC=O | ClCCCCCCCl,59
CCCCCC | Cc1ccccc1,33
COC=O | ClCCCCCCl,31
O | CCCC(=O)OC,88
CCCCn1cc[n+](C)c1.N#C[N-]C#N | O,48
ClCCCCl | CCCOC=O,27
O | CCn1cc[n+](C)c1.O=S(=O)([O-])C(F)(F)F,99
O | COP(=O)([O-])OC.Cn1cc[n+](C)c1,29
CCCCn1cc[n+](C)c1.F[B-](F)(F)F | CCCCn1cc[n+](C)c1.COS(=O)(=O)[O-],135
BrCCCCBr | CCOC(C)=O,30
CCOC(=O)C(C)C | CO,44
CCOC=O | ClCCCCl,48
Cc1cccnc1 | CO,20
CCCOC(C)=O | CCCCC,47
CCCCC(=O)OC | BrCCCCCBr,28
CCOC(C)=O | CCCCCCC,105
CCCCOC=O | ClCCCCCl,61
BrCCCCCCBr | CCCCOC(=O)CCC,29
CCOS(=O)(=O)[O-].CCn1cc[n+](C)c1 | O,17
CCCCn1cc[n+](C)c1.COS(=O)(=O)[O-] | CCO,133
C1CCOCC1 | CCCCCO,20
CCCC(=O)OCC | BrCCCCBr,28
COC=O | CCCCCCC,108
CCCCC(C)=O | O,72
CCn1cc[n+](C)c1.O=S(=O)([O-])C(F)(F)F | C[N+](=O)[O-],67
ClCCCCCl | CCCOC(C)=O,26
CCOC(C)=O | ClCCCl,35
CCOC=O | ClCCCCCCCl,46
CCCC(=O)OC | BrCCCBr,29
CCCCCO | C=C(C)[C@H]1CC=C(C)CC1,104
COC=O | ClCCCl,31
COC(=O)OC | CCCCCCCCC,90
CCCO | CC(C)CC(C)(C)C,64
O | CCCC[n+]1cccc(C)c1.F[B-](F)(F)F,8
CN1CCCCC1 | O,36
OCC(F)(F)F | CO,42
CCCC[n+]1ccc(C)cc1.F[B-](F)(F)F | O,73
CCCCCCn1cc[n+](C)c1.F[B-](F)(F)F | CCCCn1cc[n+](C)c1.F[B-](F)(F)F,99
CCOC=O | ClCCCCCl,46
CCOC(C)(C)C | CC#N,18
COc1ccccc1 | OCc1ccccc1,29
COC=O | BrCCCBr,27
CCCCCCCCCCCC | CCCCC(=O)OCC,33
CCOC(=O)C(C)C | CCO,44
CCCC[n+]1ccc(C)cc1.F[B-](F)(F)F | CCCCO,34
ClCCCCCCl | CCCOC(C)=O,27
CCCCC | CCOC=O,65
CCCC(=O)OCC | BrCCCCCCBr,30
Cc1ccccc1Cl | C1COCO1,72
CCOc1ccccc1 | OCCCc1ccccc1,29
CCCC[n+]1ccc(C)cc1.F[B-](F)(F)F | CCCO,56
ClCCCCl | CCCOC(=O)CC,27
CCCC(=O)OC | BrCCCCBr,25
CN1CCOCC1 | O,24
CCC(=O)CC | O,96
CCCCn1cc[n+](C)c1.F[B-](F)(F)F | CCCCn1cc[n+](C)c1.F[P-](F)(F)(F)(F)F,118
CCCC(=O)OCC | BrCCBr,31
BrCCCCCBr | CCOC(=O)CC,30
CCCC[n+]1ccc(C)cc1.F[B-](F)(F)F | CO,71
CCOC=O | CCCCCC,83
COC=O | BrCCCCBr,27
CCCC(=O)OC | BrCCCCCBr,25
CCCCO | CCC(C)=O,26
CCCCCC[N+](CC)(CC)CC.O=S(=O)([N-]S(=O)(=O)C(F)(F)F)C(F)(F)F | CO,128
OCC(F)(F)F | CCO,51
C1CCOCC1 | Cc1ccncc1,72
CCCCC(=O)OCC | ClCCCCCCl,32
CCCCn1cc[n+](C)c1C.F[B-](F)(F)F | CCCCn1cc[n+](C)c1.F[B-](F)(F)F,90
BrCCCCCCBr | CCCCOC(C)=O,29
CCOC(=O)OCC | CCCCCCCCO,59
Cn1ccnc1 | O,79
CCCCn1cc[n+](C)c1.F[B-](F)(F)F | C[N+](=O)[O-],140
CCOC(C)(C)CC | CC#N,18
BrCCCCCBr | CCOC(C)=O,30
CCOC(C)(C)CC | CCC#N,18
BrCCBr | CCOC(=O)CC,31
COC=O | BrCCCCCBr,29
CCCOC=O | ClCCCCCCl,30
CCCC(=O)OC | BrCCCCCCBr,26
CCOC(C)=O | CCCCC,48
CCn1cc[n+](C)c1.F[B-](F)(F)F | Cc1ccncc1,90
COC(=O)OC | CCCCCC,80
COC(C)=O | CC(C)CC(C)(C)C,38
Cn1ccnc1 | CCCO,66
BrCCBr | CCOC(C)=O,30
CO | CCn1cc[n+](C)c1.O=S(=O)([N-]S(=O)(=O)C(F)(F)F)C(F)(F)F,27
CCC(=O)OC | BrCCCCCCBr,31
CCCCC(=O)OCC | ClCCCl,32
C1COCCO1 | O=C1CCCCCC1,90
CCCOC=O | CCCCCCC,109
CCCCC(=O)OC | COC=O,35
CCCC[n+]1ccc(C)cc1.F[B-](F)(F)F | CCO,68
OCCO | OCc1ccccc1,29
c1ccncc1 | NCCO,166
CCCOC(C)=O | CCCCCCCCC,94
ClCCCCl | CCCOC(=O)CCC,28
CCn1cc[n+](C)c1.N#C[N-]C#N | O,118
CCCCC(=O)OCC | BrCCCBr,34
CCCOC=O | ClCCCl,31
CC(=O)C(C)C | O,94
Cc1ccncc1 | CO,20
CCOC(=O)OCC | CCO,60
CCC(=O)OC | BrCCBr,32
Cc1ccccc1Cl | C1CCOCC1,69
CCCOC(=O)CC | Cc1ccccc1,34
C1CCOCC1 | Cc1ccccn1,72
O | CC(=O)C(C)=O,130
COC(C)=O | CCCCC(=O)OC,31
CCCCOC=O | ClCCCCCCl,62
ClC(Cl)Cl | COC(C)(C)C,30
BrCCCCCBr | CCOC=O,28
Cc1cccnc1 | O,24
CCn1cc[n+](C)c1.F[B-](F)(F)F | Cc1ccccn1,90
CCCC[N+](C)(C)C.O=S(=O)([N-]S(=O)(=O)C(F)(F)F)C(F)(F)F | CCO,142
COC(C)=O | BrCCBr,32
CCCCC(=O)OC | CO,38
C1COCCO1 | CCCCCC(C)=O,34
C1CCOCC1 | CCCC(C)=O,34
C1COCCO1 | O=C1CCCC1,32
Cc1cccc(C)n1 | CO,22
CCn1cc[n+](C)c1.F[B-](F)(F)F | CN1CCCC1=O,90
CCCCn1cc[n+](C)c1.O=S(=O)([O-])C(F)(F)F | C[N+](=O)[O-],75
CCCC(=O)OCC | ClCCCCl,31
CCCCC(=O)OCC | BrCCCCBr,27
BrCCBr | CCOC=O,33
CCCCOC=O | CCCCCCC,106
BrCCCCCBr | CCCCOC(=O)CC,29
CCOC=O | ClCCCCCCl,47
BrCCCCBr | CCOC(=O)CC,29
CCCCC(=O)OC | BrCCCCBr,25
CCCCOC=O | ClCCCl,62
CCCC(C)=O | O,83
OCC(F)(F)F | O,50
CCOc1ccccc1 | OCc1ccccc1,29
CCCC(=O)OCC | ClCCCCCCCl,31
CCCCC(=O)OCC | BrCCCCCBr,31
CCCCC(=O)OC | CC(C)CC(C)(C)C,34
COC(=O)OC | CCCCCCCC,79
BrCCBr | CCCCOC(=O)CC,27
COC(F)(F)C(F)(F)C(F)(F)C(F)(F)F | COCCO,45
CCCCOC=O | BrCCCBr,26
CCn1cc[n+](C)c1.F[B-](F)(F)F | CC(C)=O,90
CCOC=O | CCCCCCC,108
CCCC(=O)OCC | ClCCCCCl,30
Cc1ccccc1 | CCCCCCC,221
CCCOC(C)=O | CCCCCC,113
OCC(F)(F)F | CCCO,42
CCCCC(=O)OCC | BrCCCCCCBr,28
ClCCCCCCCl | CCCOC(=O)CCC,26
ClCCCl | CCCOC(=O)CCC,29
CC(=O)CC(C)C | O,91
BrCCCBr | CCOC(=O)CC,29
CCCCC(=O)OC | BrCCCCCCBr,26
COC(C)=O | CCCCCCCC,38
CCOC(C)=O | CCCCCCCCC,103
C1CCOCC1 | O=C1CCCCC1,107
COC=O | CCCCCCCCC,58
BrCCCBr | CCOC(C)=O,31
ClCCCCCl | CCCOC=O,26
CCOC(C)(C)C | CCC#N,18
CCCCOC=O | BrCCCCBr,26
CCCCC(=O)OC | BrCCBr,28
CCOC(C)=O | ClCCCCCCCl,30
C1CCOCC1 | CCCCCCCCCO,18
CCCC[n+]1cccc(C)c1.F[B-](F)(F)F | CCCCO,23
COC=O | CO,37
COP(=O)([O-])OC.Cn1cc[n+](C)c1 | CO,29
CCCCOC=O | BrCCCCCBr,26
c1cc[nH]c1 | c1ccncc1,113
BrCCCCBr | CCOC=O,32
BrCCCCCBr | CCCCOC(=O)CCC,29
CCCC[n+]1cccc(C)c1.F[B-](F)(F)F | CCCO,66
CCOC(C)=O | ClCCCCCl,34
CCCC(=O)OC | CC(C)CC(C)(C)C,36
CCOC(=O)OCC | CCCO,66
BrCCCCCCBr | CCOC(C)=O,29
ClCCCCCCl | CCCOC=O,26
OCC(F)(F)F | CCn1cc[n+](C)c1.F[B-](F)(F)F,41
C1COCO1 | CCCCCC(C)=O,40
CCCCO | CC(C)CC(C)(C)C,45
ClCCCCCCCl | CCCOC(C)=O,27
BrCCCCBr | CCCCOC(=O)CC,27
Cc1ccccc1Cl | C1COCCO1,72
BrCCBr | CCCCOC(=O)CCC,25
C1COCO1 | O=C1CCCC1,26
CCCC[n+]1cccc(C)c1.F[B-](F)(F)F | CO,63
CCOC(=O)OCC | CCCCCO,61
ClCCCl | CCCOC(C)=O,29
CCCC[N+](C)(C)C.O=S(=O)([N-]S(=O)(=O)C(F)(F)F)C(F)(F)F | CCCO,122
Cc1ccncc1 | O,24
CCCOC(C)=O | CCCCCCCC,109
BrCCCBr | CCOC=O,29
ClCCCCCl | CCCOC(=O)CC,27
CCCCn1cc[n+](C)c1.F[B-](F)(F)F | CCO,114
CCOC(C)=O | CCCCCC,119
COP(=O)([O-])OC.Cn1cc[n+](C)c1 | CCO,29
CCCCC(=O)OC | CCCCCCCC,38
COC=O | CCCCCC,49
CO | CCCCCCn1cc[n+](C)c1.O=S(=O)([N-]S(=O)(=O)C(F)(F)F)C(F)(F)F,34
CCOS(=O)(=O)[O-].CCn1cc[n+](C)c1 | C[N+](=O)[O-],87
COC=O | BrCCCCCCBr,29
BrCCCBr | CCCCOC(=O)CC,27
CCCC(=O)OC | BrCCBr,29
Cc1cccc(C)n1 | O,24
OCCOCCOCCOCCO | OCc1ccccc1,29
O | CCCCn1cc[n+](C)c1.O=S(=O)([O-])C(F)(F)F,92
Cc1ccccc1N | c1ccncc1,72
CCCCCOC=O | ClCCCCl,28
CCCC[n+]1cccc(C)c1.F[B-](F)(F)F | CCO,79
CO | CCCCCCCCn1cc[n+](C)c1.O=S(=O)([N-]S(=O)(=O)C(F)(F)F)C(F)(F)F,26
COC(F)(F)C(F)(F)C(F)(F)C(F)(F)F | CCCCOCCO,37
ClCCCCCCl | CCCOC(=O)CC,26
CN(CCO)CCO | c1ccncc1,343
BrCCCCCBr | CCCCOC(C)=O,27
CS(C)=O | OCCc1ccccc1,29
CCn1cc[n+](C)c1.O=S(=O)([O-])C(F)(F)F | O,24
CCCCC | COC=O,37
COC=O | BrCCBr,28
CCCCCOC=O | ClCCCCCCCl,28
CS(C)=O | CCCO,104
O | CCCCn1cc[n+](C)c1.COS(=O)(=O)[O-],81
CCCOC=O | CCCCCCCCC,108
CCCCCCn1cc[n+](C)c1.F[B-](F)(F)F | C[N+](=O)[O-],99
CCCCCCCCCC(=O)OC | CCCCCCCCCCCCCC,38
CCCCC(=O)OCC | ClCCCCCCCl,29
COC(F)(F)C(F)(F)C(F)(F)C(F)(F)F | CCOCCO,46
CCCC(=O)OCC | ClCCCCCCl,32
CCCCCCCC[N+](CC)(CC)CC.O=S(=O)([N-]S(=O)(=O)C(F)(F)F)C(F)(F)F | CO,129
CCCCCCCCCCCC | CCOC(C)=O,32
BrCCBr | CCCCOC(C)=O,29
COC(F)(F)C(F)(F)C(F)(F)C(F)(F)F | COCCOCCOC,35
CCCCCOC=O | ClCCCCCl,30
CCCCC(=O)OCC | ClCCCCCl,33
BrCCCCBr | CCCCOC(=O)CCC,25
CC(C)CC(C)(C)C | CCCCO,19
COC(=O)OC | CCCCCCCCCC,79
CCOC(C)=O | CCCCCCCCCC,121
CCCCCCC | CCCOC(C)=O,15
OCC(F)(F)F | CCCCn1cc[n+](C)c1.F[B-](F)(F)F,78
CCCC(=O)OC | CCCCCCCC,37
CCCOC=O | ClCCCCCl,31
CCCCn1cc[n+](C)c1.O=S(=O)([O-])C(F)(F)F | CCO,75
CCCC(=O)OCC | ClCCCl,33
CCOC(C)=O | CCCCCCCC,122
CCCCOC=O | CCCCCCCCC,108
